,ID,Monday,Tuesday,Wednesday,Thursday,Friday,Saturday,Sunday
1,1,10:00–23:00,10:00–23:00,10:00–23:00,10:00–23:00,10:00–23:00,10:00–23:00,10:00–23:00
2,2,10:00–23:00,10:00–23:00,10:00–23:00,10:00–23:00,10:00–23:00,10:00–23:00,10:00–23:00
3,3,10:00–23:00,10:00–23:00,10:00–23:00,10:00–23:00,10:00–23:00,10:00–23:00,10:00–23:00
4,4,05:00–00:00,05:00–00:00,05:00–00:00,05:00–00:00,05:00–00:00,05:00–00:00,05:00–00:00
5,5,00:00-23:59,00:00-23:59,00:00-23:59,00:00-23:59,00:00-23:59,00:00-23:59,00:00-23:59
6,6,10:00–22:00,10:00–22:00,10:00–22:00,10:00–22:00,10:00–22:00,10:00–22:00,10:00–22:00
7,7,09:00–23:00,09:00–23:00,09:00–23:00,09:00–23:00,10:00–00:00,10:00–00:00,10:00–00:00
8,8,12:00–22:30,12:00–22:30,12:00–22:30,12:00–22:30,12:00–22:30,12:00–22:30,12:00–22:30
9,9,09:00–23:00,09:00–23:00,09:00–23:00,09:00–23:00,09:00–23:00,09:00–23:00,11:00–23:00
10,10,09:00–00:00,09:00–00:00,09:00–00:00,09:00–00:00,09:00–00:00,09:00–00:00,09:00–00:00
11,11,00:00-23:59,11:00–21:00,11:00–21:00,11:00–21:00,11:00–21:00,11:00–21:00,11:00–19:00
12,12,11:00–23:00,11:00–23:00,11:00–23:00,11:00–23:00,11:00–23:00,11:00–23:00,11:00–23:00
13,13,11:00–22:30,11:00–22:30,11:00–22:30,11:00–22:30,11:00–22:30,11:00–22:30,11:00–22:30
14,14,09:00–23:00,09:00–23:00,09:00–23:00,09:00–23:00,09:00–23:00,09:00–23:00,09:00–23:00
15,15,11:00–23:00,11:00–23:00,11:00–23:00,11:00–23:00,11:00–23:00,11:00–23:00,11:00–23:00
16,16,09:00–20:00,09:00–20:00,09:00–20:00,09:00–20:00,09:00–20:00,00:00-23:59,00:00-23:59
17,17,05:00–00:00,05:00–00:00,05:00–00:00,05:00–00:00,05:00–00:00,05:00–00:00,05:00–00:00
18,18,14:00–23:00,14:00–23:00,14:00–23:00,14:00–23:00,14:00–23:00,14:00–23:00,14:00–23:00
19,19,10:00–21:00,10:00–21:00,10:00–21:00,10:00–21:00,10:00–21:00,10:00–21:00,00:00-23:59
20,20,11:00–22:00,11:00–22:00,11:00–22:00,11:00–22:00,11:00–23:00,11:00–23:00,11:00–23:00
21,21,10:00–23:00,10:00–23:00,10:00–23:00,10:00–23:00,10:00–23:00,10:00–23:00,10:00–23:00
22,22,05:00–00:00,05:00–00:00,05:00–00:00,05:00–00:00,05:00–00:00,05:00–00:00,05:00–00:00
23,23,12:00–23:00,12:00–23:00,12:00–23:00,12:00–23:00,12:00–23:00,12:00–23:00,12:00–23:00
24,24,05:00–00:00,05:00–00:00,05:00–00:00,05:00–00:00,05:00–00:00,05:00–00:00,05:00–00:00
25,25,14:00–23:30,14:00–23:30,14:00–23:30,14:00–23:30,14:00–23:30,14:00–23:30,14:00–23:30
26,26,10:00–23:00,10:00–23:00,10:00–23:00,10:00–23:00,10:00–23:00,10:00–23:00,10:00–23:00
27,27,14:00–23:30,14:00–23:30,14:00–23:30,14:00–23:30,14:00–23:30,14:00–23:30,14:00–23:30
28,28,17:00–23:45,17:00–23:45,17:00–23:45,17:00–23:45,12:00–23:45,12:00–23:45,12:00–23:45
29,29,00:00-23:59,00:00-23:59,00:00-23:59,00:00-23:59,00:00-23:59,00:00-23:59,00:00-23:59
30,30,09:30–22:00,09:30–22:00,09:30–22:00,09:30–22:00,09:30–22:00,09:30–22:00,09:30–22:00
31,31,09:30–22:00,09:30–22:00,09:30–22:00,09:30–22:00,09:30–22:00,09:30–22:00,09:30–22:00
32,32,11:00–23:00,11:00–23:00,11:00–23:00,11:00–23:00,09:00–23:00,09:00–23:00,09:00–23:00
33,33,08:00–22:00,08:00–22:00,08:00–22:00,08:00–22:00,08:00–22:00,08:00–22:00,08:00–22:00
34,34,11:00–22:00,11:00–22:00,11:00–22:00,11:00–22:00,11:00–22:00,11:00–22:00,11:00–22:00
35,35,10:00–22:00,10:00–22:00,10:00–22:00,10:00–22:00,10:00–22:00,10:00–22:00,10:00–22:00
36,36,10:00–21:00,10:00–21:00,10:00–21:00,10:00–21:00,10:00–21:00,10:00–21:00,10:00–21:00
37,37,09:00–22:00,09:00–22:00,09:00–22:00,09:00–22:00,09:00–22:00,09:00–22:00,09:00–22:00
38,38,09:00–21:00,09:00–21:00,09:00–21:00,09:00–21:00,09:00–21:00,09:00–21:00,09:00–21:00
39,39,10:00–21:00,10:00–21:00,10:00–21:00,10:00–21:00,10:00–21:00,10:00–21:00,10:00–21:00
40,40,09:00–22:00,09:00–22:00,09:00–22:00,09:00–22:00,09:00–22:00,09:30–21:30,09:30–21:30
41,41,10:00–23:00,10:00–23:00,10:00–23:00,10:00–23:00,10:00–23:00,10:00–23:00,10:00–23:00
42,42,09:00–22:00,09:00–22:00,09:00–22:00,09:00–22:00,09:00–22:00,09:00–22:00,09:00–22:00
43,43,10:00–23:00,10:00–23:00,10:00–23:00,10:00–23:00,10:00–23:00,10:00–23:00,10:00–23:00
44,44,09:00–21:00,09:00–21:00,09:00–21:00,09:00–21:00,09:00–21:00,09:00–21:00,09:00–21:00
45,45,09:00–22:00,08:00–22:00,08:00–22:00,08:00–22:00,08:00–22:00,08:00–22:00,08:00–22:00
46,46,10:00–22:00,10:00–22:00,10:00–22:00,10:00–22:00,10:00–22:00,10:00–22:00,10:00–22:00
47,47,10:00–23:00,10:00–23:00,10:00–23:00,10:00–23:00,10:00–23:00,10:00–23:00,10:00–23:00
48,48,11:00–23:00,11:00–23:00,11:00–23:00,11:00–23:00,11:00–23:00,11:00–23:00,11:00–23:00
49,49,08:00–23:00,08:00–23:00,08:00–23:00,08:00–23:00,08:00–23:00,08:00–23:00,08:00–23:00
50,50,10:00–23:00,10:00–23:00,10:00–23:00,10:00–23:00,10:00–23:00,10:00–23:00,10:00–23:00
51,51,11:00–22:00,09:00–22:00,09:00–22:00,09:00–22:00,09:00–23:00,09:00–23:00,09:00–23:00
52,52,09:00–21:00,09:00–21:00,10:00–21:00,10:00–21:00,09:00–21:00,09:00–21:00,10:00–21:00
53,53,11:00–22:00,11:00–22:00,11:00–22:00,11:00–22:00,11:00–22:00,11:00–22:00,11:00–22:00
54,54,10:00–21:00,10:00–21:00,10:00–21:00,10:00–21:00,10:00–21:00,10:00–21:00,10:00–21:00
55,55,10:00–23:00,10:00–23:00,10:00–23:00,10:00–23:00,10:00–23:00,10:00–23:00,10:00–23:00
56,56,10:00–23:00,10:00–23:00,10:00–23:00,10:00–23:00,10:00–23:00,10:00–23:00,10:00–23:00
57,57,10:00–23:00,10:00–23:00,10:00–23:00,10:00–23:00,10:00–23:00,10:00–23:00,10:00–23:00
58,58,10:00–23:00,10:00–23:00,10:00–23:00,10:00–23:00,10:00–23:00,10:00–23:00,10:00–23:00
59,59,10:00–22:00,10:00–22:00,10:00–22:00,10:00–22:00,10:00–22:00,10:00–22:00,10:00–22:00
60,60,09:00–19:00,09:00–19:00,09:00–19:00,09:00–19:00,09:00–19:00,09:00–19:00,09:00–19:00
61,61,10:00–22:00,10:00–22:00,10:00–22:00,10:00–22:00,10:00–22:00,10:00–22:00,10:00–22:00
62,62,10:00–23:00,10:00–23:00,10:00–23:00,10:00–23:00,10:00–23:00,10:00–23:00,10:00–23:00
63,63,09:00–23:00,09:00–23:00,09:00–23:00,09:00–23:00,10:00–00:00,10:00–00:00,10:00–00:00
64,64,11:00–23:00,11:00–23:00,11:00–23:00,11:00–23:00,11:00–23:00,11:00–23:00,11:00–23:00
65,65,12:00–22:30,12:00–22:30,12:00–22:30,12:00–22:30,12:00–22:30,12:00–22:30,12:00–22:30
66,66,08:00–21:30,08:00–21:30,08:00–21:30,08:00–21:30,08:00–21:30,09:00–21:30,09:00–21:30
67,67,10:00–23:00,10:00–23:00,10:00–23:00,10:00–23:00,10:00–23:00,10:00–23:00,10:00–23:00
68,68,11:00–21:00,11:00–21:00,11:00–21:00,11:00–21:00,11:00–21:00,11:00–21:00,11:00–21:00
69,69,12:00–22:00,12:00–22:00,12:00–22:00,12:00–22:00,12:00–22:00,12:00–22:00,12:00–22:00
70,70,08:00–22:00,08:00–22:00,08:00–22:00,08:00–22:00,08:00–22:00,08:00–22:00,08:00–22:00
71,71,12:00–20:30,12:00–20:30,12:00–20:30,12:00–20:30,12:00–20:30,12:00–20:30,12:00–20:30
72,72,10:00–21:00,10:00–21:00,10:00–21:00,10:00–21:00,10:00–21:00,10:00–21:00,10:00–21:00
73,73,11:00–22:00,11:00–22:00,11:00–22:00,11:00–22:00,11:00–22:00,11:00–22:00,11:00–22:00
74,74,10:00–22:00,10:00–22:00,10:00–22:00,10:00–22:00,10:00–22:00,10:00–22:00,10:00–22:00
75,75,12:00–22:00,12:00–22:00,12:00–22:00,12:00–22:00,12:00–23:00,12:00–23:00,12:00–22:00
76,76,09:30–22:00,09:30–22:00,09:30–22:00,09:30–22:00,09:30–22:00,09:30–22:00,09:30–22:00
77,77,10:00–22:00,10:00–22:00,10:00–22:00,10:00–22:00,10:00–22:00,10:00–22:00,10:00–22:00
78,78,12:00–22:30,12:00–22:30,12:00–22:30,12:00–22:30,12:00–22:30,12:00–22:30,12:00–22:30
79,79,09:00–21:00,09:00–21:00,09:00–21:00,09:00–21:00,09:00–21:00,09:00–21:00,09:00–21:00
80,80,10:00–22:00,10:00–22:00,10:00–22:00,10:00–22:00,10:00–22:00,10:00–22:00,10:00–22:00
81,81,12:00–23:00,12:00–23:00,12:00–23:00,12:00–23:00,12:00–23:00,12:00–23:00,12:00–23:00
82,82,10:00–22:00,10:00–22:00,10:00–22:00,10:00–22:00,10:00–22:00,10:00–22:00,10:00–22:00
83,83,09:00–23:00,09:00–23:00,09:00–23:00,09:00–23:00,09:00–23:00,09:00–23:00,11:00–23:00
84,84,10:00–22:00,10:00–22:00,10:00–22:00,10:00–22:00,10:00–22:00,10:00–22:00,10:00–22:00
85,85,09:00–00:00,09:00–00:00,09:00–00:00,09:00–00:00,09:00–00:00,09:00–00:00,09:00–00:00
86,86,10:00–22:00,10:00–22:00,10:00–22:00,10:00–22:00,10:00–22:00,10:00–22:00,10:00–22:00
87,87,09:30–22:00,09:30–22:00,09:30–22:00,09:30–22:00,09:30–22:00,09:30–22:00,09:30–22:00
88,88,11:00–21:00,11:00–21:00,11:00–21:00,11:00–21:00,11:00–21:00,11:00–21:00,11:00–21:00
89,89,10:00–20:30,10:00–20:30,10:00–20:30,10:00–20:30,10:00–20:30,10:00–21:00,10:00–21:00
90,90,11:00–22:00,11:00–22:00,11:00–22:00,11:00–22:00,11:00–22:00,11:00–22:00,11:00–22:00
91,91,11:00–22:00,11:00–22:00,11:00–22:00,11:00–22:00,11:00–22:00,11:00–22:00,11:00–22:00
92,92,12:00–22:30,12:00–22:30,12:00–22:30,12:00–22:30,12:00–22:30,12:00–22:30,12:00–22:30
93,93,10:00–23:00,10:00–23:00,10:00–23:00,10:00–23:00,10:00–23:00,10:00–23:00,10:00–23:00
94,94,10:00–19:00,10:00–19:00,10:00–19:00,10:00–19:00,10:00–19:00,11:00–18:00,11:00–18:00
95,95,08:00–20:00,08:00–20:00,08:00–20:00,08:00–20:00,08:00–20:00,08:00–20:00,08:00–20:00
96,96,11:00–21:00,11:00–21:00,11:00–21:00,11:00–21:00,11:00–23:00,11:00–23:00,11:00–21:00
97,97,10:00–23:00,10:00–23:00,10:00–23:00,10:00–23:00,10:00–23:00,10:00–23:00,10:00–23:00
98,98,11:00–00:00,11:00–00:00,11:00–00:00,11:00–00:00,11:00–00:00,13:00–01:00,13:00–01:00
99,99,10:00–21:00,10:00–21:00,10:00–21:00,10:00–21:00,10:00–21:00,10:00–21:00,10:00–21:00
100,100,10:00–21:00,10:00–21:00,10:00–21:00,10:00–21:00,10:00–21:00,10:00–21:00,10:00–21:00
101,101,09:00–21:00,09:00–21:00,09:00–21:00,09:00–21:00,09:00–21:00,09:00–21:00,09:00–21:00
102,102,11:00–22:00,11:00–22:00,11:00–22:00,11:00–22:00,11:00–22:00,11:00–22:00,11:00–22:00
103,103,11:00–21:00,11:00–21:00,11:00–21:00,11:00–21:00,11:00–21:00,11:00–21:00,11:00–21:00
104,104,00:00-23:59,00:00-23:59,00:00-23:59,00:00-23:59,00:00-23:59,00:00-23:59,00:00-23:59
105,105,11:00–21:00,11:00–21:00,11:00–21:00,11:00–21:00,11:00–21:00,11:00–21:00,11:00–21:00
106,106,12:00–21:30,12:00–21:30,12:00–21:30,12:00–21:30,12:00–21:30,12:00–21:30,12:00–21:30
107,107,08:00–23:00,08:00–23:00,08:00–23:00,08:00–23:00,08:00–23:00,08:00–23:00,08:00–23:00
108,108,10:00–23:00,10:00–23:00,10:00–23:00,10:00–23:00,10:00–23:00,10:00–23:00,10:00–23:00
109,109,08:00–21:00,08:00–21:00,08:00–21:00,08:00–21:00,08:00–21:00,08:00–21:00,08:00–21:00
110,110,10:00–22:00,10:00–22:00,10:00–22:00,10:00–22:00,10:00–22:00,11:00–22:00,11:00–22:00
111,111,11:30–23:00,11:30–23:00,11:30–23:00,11:30–23:00,11:30–23:00,11:30–23:00,11:30–23:00
112,112,11:00–22:00,11:00–22:00,11:00–22:00,11:00–22:00,11:00–23:00,11:00–23:00,11:00–23:00
113,113,12:00–22:00,12:00–22:00,12:00–22:00,12:00–22:00,12:00–23:00,12:00–23:00,12:00–23:00
114,114,09:00–21:00,09:00–21:00,10:00–21:00,10:00–21:00,09:00–21:00,09:00–21:00,10:00–21:00
115,115,11:00–22:30,11:00–22:30,11:00–22:30,11:00–22:30,11:00–22:30,11:00–22:30,11:00–22:30
116,116,10:00–21:00,10:00–21:00,10:00–21:00,10:00–21:00,10:00–22:00,10:00–22:00,10:00–22:00
117,117,09:00–20:00,09:00–20:00,09:00–20:00,09:00–20:00,09:00–20:00,09:00–20:00,09:00–20:00
118,118,09:00–22:00,09:00–22:00,09:00–22:00,09:00–20:00,09:00–22:00,09:00–22:00,09:00–22:00
119,119,08:30–20:00,08:30–20:00,08:30–20:00,08:30–20:00,08:30–20:00,09:00–17:00,09:00–17:00
120,120,12:00–21:00,12:00–21:00,12:00–21:00,12:00–21:00,12:00–21:00,12:00–21:00,12:00–21:00
121,121,11:00–22:00,11:00–22:00,11:00–22:00,11:00–22:00,11:00–23:00,11:00–23:00,11:00–23:00
122,122,10:00–22:00,10:00–22:00,10:00–22:00,10:00–22:00,10:00–23:00,10:00–23:00,10:00–23:00
123,123,10:00–22:00,10:00–22:00,10:00–22:00,10:00–22:00,10:00–22:00,10:00–22:00,10:00–22:00
124,124,10:00–22:00,10:00–22:00,10:00–22:00,10:00–22:00,10:00–22:00,10:00–22:00,10:00–22:00
125,125,08:30–18:00,08:30–18:00,08:30–18:00,08:30–18:00,08:30–18:00,08:30–19:00,08:30–19:00
126,126,10:00–21:00,10:00–21:00,10:00–21:00,10:00–21:00,10:00–21:00,10:00–21:00,10:00–21:00
127,127,08:00–21:00,08:00–21:00,08:00–21:00,08:00–21:00,08:00–21:00,08:00–21:00,08:00–21:00
128,128,00:00-23:59,11:00–17:00,11:00–17:00,00:00-23:59,00:00-23:59,00:00-23:59,00:00-23:59
129,129,10:00–20:00,10:00–20:00,10:00–20:00,10:00–20:00,10:00–20:00,10:00–20:00,10:00–20:00
130,130,10:00–20:45,10:00–20:45,10:00–20:45,10:00–20:45,10:00–20:45,10:00–20:45,10:00–20:45
131,131,10:00–22:00,10:00–22:00,10:00–22:00,10:00–22:00,10:00–22:00,10:00–22:00,10:00–22:00
132,132,00:00-23:59,11:00–21:00,11:00–21:00,11:00–21:00,11:00–21:00,11:00–21:00,11:00–19:00
133,133,10:00–22:00,10:00–22:00,10:00–22:00,10:00–22:00,10:00–22:00,10:00–22:00,10:00–22:00
134,134,10:00–22:00,10:00–22:00,10:00–22:00,10:00–22:00,10:00–22:00,10:00–22:00,10:00–22:00
135,135,11:00–22:00,11:00–22:00,11:00–22:00,11:00–22:00,11:00–23:00,11:00–23:00,11:00–22:00
136,136,10:00–22:00,10:00–22:00,10:00–22:00,10:00–22:00,10:00–23:00,10:00–23:00,10:00–23:00
137,137,08:30–18:00,08:30–18:00,08:30–18:00,08:30–18:00,08:30–18:00,08:30–19:00,08:30–19:00
138,138,10:00–22:00,10:00–22:00,10:00–22:00,10:00–22:00,10:00–22:00,10:00–22:00,10:00–22:00
139,139,11:00–22:00,11:00–22:00,11:00–22:00,11:00–22:00,11:00–23:00,11:00–23:00,11:00–23:00
140,140,10:00–21:00,10:00–21:00,10:00–21:00,10:00–21:00,10:00–21:00,10:00–21:00,10:00–21:00
141,141,07:00–22:00,07:00–22:00,07:00–22:00,07:00–22:00,07:00–22:00,08:00–20:00,08:00–18:00
142,142,12:00–23:00,12:00–23:00,12:00–23:00,12:00–23:00,12:00–23:00,12:00–23:00,12:00–23:00
143,143,08:00–20:00,08:00–20:00,08:00–20:00,08:00–20:00,08:00–20:00,08:00–20:00,08:00–20:00
144,144,12:00–22:00,12:00–22:00,12:00–22:00,12:00–22:00,12:00–23:00,12:00–23:00,12:00–23:00
145,145,10:00–21:00,10:00–21:00,10:00–21:00,10:00–21:00,10:00–21:00,10:00–21:00,10:00–21:00
146,146,11:00–23:00,11:00–23:00,11:00–23:00,11:00–23:00,11:00–23:00,11:00–23:00,11:00–23:00
147,147,11:00–22:00,11:00–22:00,11:00–22:00,11:00–22:00,11:00–23:00,09:00–23:00,09:00–23:00
148,148,08:00–21:00,08:00–21:00,08:00–21:00,08:00–21:00,08:00–21:00,08:00–21:00,09:00–21:00
149,149,08:00–21:00,08:00–21:00,08:00–21:00,08:00–21:00,08:00–21:00,08:00–21:00,08:00–21:00
150,150,10:00–23:00,10:00–23:00,10:00–23:00,10:00–23:00,10:00–23:00,10:00–23:00,10:00–23:00
151,151,11:00–22:30,11:00–22:30,11:00–22:30,11:00–22:30,11:00–22:30,11:00–22:30,11:00–22:30
152,152,09:00–18:00,09:00–18:00,09:00–18:00,09:00–18:00,09:00–18:00,00:00-23:59,00:00-23:59
153,153,10:30–22:30,10:30–22:30,10:30–22:30,10:30–22:30,10:30–22:30,10:30–22:30,10:30–22:30
154,154,08:00–21:00,08:00–21:00,08:00–21:00,08:00–21:00,08:00–21:00,08:00–21:00,08:00–21:00
155,155,10:00–22:00,10:00–22:00,10:00–22:00,10:00–22:00,10:00–23:00,10:00–23:00,10:00–23:00
156,156,10:00–23:00,10:00–23:00,10:00–23:00,10:00–23:00,10:00–23:00,10:00–23:00,10:00–23:00
157,157,10:00–23:00,10:00–23:00,10:00–23:00,10:00–23:00,10:00–23:00,10:00–23:00,10:00–23:00
158,158,09:00–23:00,09:00–23:00,09:00–23:00,09:00–23:00,09:00–23:00,09:00–23:00,09:00–23:00
159,159,10:00–22:00,10:00–22:00,10:00–22:00,10:00–22:00,10:00–23:00,10:00–23:00,10:00–23:00
160,160,12:00–22:00,12:00–22:00,12:00–22:00,12:00–22:00,12:00–23:00,12:00–23:00,12:00–23:00
161,161,11:00–23:00,11:00–23:00,11:00–23:00,11:00–23:00,11:00–23:00,11:00–23:00,11:00–23:00
162,162,10:00–22:00,10:00–22:00,10:00–22:00,10:00–22:00,10:00–22:00,10:00–22:00,10:00–22:00
163,163,11:00–22:00,11:00–22:00,11:00–22:00,11:00–22:00,11:00–22:00,11:00–22:00,11:00–22:00
164,164,12:00–18:00,12:00–18:00,12:00–18:00,12:00–18:00,12:00–18:00,12:00–18:00,12:00–18:00
165,165,08:00–21:00,08:00–21:00,08:00–21:00,08:00–21:00,08:00–21:00,08:00–21:00,08:00–21:00
166,166,10:00–22:00,10:00–22:00,10:00–22:00,10:00–22:00,10:00–22:00,10:00–22:00,10:00–22:00
167,167,08:00–21:00,08:00–21:00,08:00–21:00,08:00–21:00,08:00–21:00,08:00–21:00,08:00–21:00
168,168,08:00–23:00,08:00–23:00,08:00–23:00,08:00–23:00,08:00–23:00,08:00–23:00,08:00–23:00
169,169,11:00–22:00,11:00–22:00,11:00–22:00,11:00–22:00,11:00–22:00,11:00–22:00,11:00–22:00
170,170,08:00–21:00,08:00–21:00,08:00–21:00,08:00–21:00,08:00–21:00,08:00–21:00,08:00–21:00
171,171,11:00–23:00,11:00–23:00,11:00–23:00,11:00–23:00,10:00–23:00,10:00–23:00,10:00–23:00
172,172,10:00–20:00,10:00–20:00,10:00–20:00,10:00–20:00,10:00–20:00,10:00–20:00,10:00–20:00
173,173,09:00–18:00,09:00–18:00,09:00–18:00,09:00–18:00,09:00–18:00,00:00-23:59,00:00-23:59
174,174,09:00–20:30,08:30–20:30,08:30–20:30,08:30–20:30,08:30–20:30,09:00–21:00,10:00–21:00
175,175,10:00–23:00,10:00–23:00,10:00–23:00,10:00–23:00,10:00–23:00,10:00–23:00,10:00–23:00
176,176,10:00–21:00,10:00–21:00,10:00–21:00,10:00–21:00,10:00–21:00,10:00–21:00,10:00–21:00
177,177,08:00–18:00,08:00–18:00,08:00–18:00,08:00–18:00,08:00–18:00,00:00-23:59,00:00-23:59
178,178,12:00–22:00,12:00–22:00,12:00–22:00,12:00–22:00,12:00–22:00,12:00–22:00,12:00–22:00
179,179,10:00–21:00,10:00–21:00,10:00–21:00,10:00–21:00,10:00–21:00,10:00–21:00,10:00–21:00
180,180,09:00–20:00,09:00–20:00,09:00–20:00,09:00–20:00,09:00–20:00,00:00-23:59,00:00-23:59
181,181,08:00–22:00,08:00–22:00,08:00–22:00,08:00–22:00,08:00–22:00,10:00–22:00,10:00–22:00
182,182,08:30–21:00,08:30–21:00,08:30–21:00,08:30–21:00,08:30–21:00,08:30–21:00,08:30–21:00
183,183,05:00–00:00,05:00–00:00,05:00–00:00,05:00–00:00,05:00–00:00,05:00–00:00,05:00–00:00
184,184,09:00–21:00,09:00–21:00,09:00–21:00,09:00–21:00,09:00–21:00,09:00–21:00,09:00–21:00
185,185,10:00–21:00,10:00–21:00,10:00–21:00,10:00–21:00,10:00–21:00,10:00–21:00,10:00–21:00
186,186,10:00–22:00,10:00–22:00,10:00–22:00,10:00–22:00,10:00–22:00,10:00–22:00,10:00–22:00
187,187,14:00–23:00,14:00–23:00,14:00–23:00,14:00–23:00,14:00–23:00,14:00–23:00,14:00–23:00
188,188,12:00–22:00,12:00–22:00,12:00–22:00,12:00–22:00,12:00–22:00,12:00–22:00,12:00–22:00
189,189,10:00–20:30,10:00–20:30,10:00–20:30,10:00–20:30,10:00–20:30,10:00–20:30,10:00–20:30
190,190,09:00–18:00,09:00–18:00,09:00–18:00,09:00–18:00,09:00–18:00,00:00-23:59,00:00-23:59
191,191,10:00–21:00,10:00–21:00,10:00–21:00,10:00–21:00,10:00–21:00,10:00–21:00,00:00-23:59
192,192,09:00–21:00,09:00–21:00,09:00–21:00,09:00–21:00,09:00–21:00,09:00–21:00,09:00–20:00
193,193,11:00–22:00,11:00–22:00,11:00–22:00,11:00–22:00,11:00–22:00,11:00–22:00,11:00–22:00
194,194,11:00–22:00,11:00–22:00,11:00–22:00,11:00–22:00,11:00–22:00,11:00–22:00,11:00–22:00
195,195,10:00–21:00,10:00–21:00,10:00–21:00,10:00–21:00,10:00–22:30,10:00–22:30,10:00–22:30
196,196,10:00–21:00,10:00–21:00,10:00–21:00,10:00–21:00,10:00–21:00,10:00–21:00,10:00–21:00
197,197,08:00–22:00,08:00–22:00,08:00–22:00,08:00–22:00,08:00–22:00,08:00–22:00,08:00–22:00
198,198,11:00–22:30,11:00–22:30,11:00–22:30,11:00–22:30,11:00–22:30,11:00–22:30,11:00–22:30
199,199,12:00–23:00,12:00–23:00,12:00–23:00,12:00–23:00,12:00–23:00,12:00–23:00,12:00–23:00
200,200,10:00–22:00,10:00–22:00,10:00–22:00,10:00–22:00,10:00–22:00,10:00–22:00,10:00–22:00
201,201,12:00–23:00,12:00–23:00,12:00–23:00,12:00–23:00,12:00–23:00,12:00–23:00,12:00–23:00
202,202,10:00–23:00,10:00–23:00,10:00–23:00,10:00–23:00,10:00–23:00,10:00–23:00,10:00–23:00
203,203,11:00–22:30,00:00-23:59,11:00–22:30,11:00–22:30,11:00–22:30,11:00–22:30,11:00–22:30
204,204,12:00–21:00,12:00–21:00,12:00–21:00,12:00–21:00,12:00–21:00,12:00–21:00,00:00-23:59
205,205,09:00–22:00,09:00–22:00,09:00–22:00,09:00–22:00,09:00–23:00,09:00–23:00,09:00–22:00
206,206,10:00–22:00,10:00–22:00,10:00–22:00,10:00–22:00,10:00–22:00,10:00–22:00,10:00–22:00
207,207,16:00–23:00,16:00–23:00,16:00–23:00,16:00–23:00,15:00–23:00,15:00–23:00,15:00–23:00
208,208,08:29–21:00,08:29–21:00,08:29–21:00,08:29–21:00,08:29–21:00,08:29–21:00,08:29–21:00
209,209,10:00–23:00,10:00–23:00,10:00–23:00,10:00–23:00,10:00–23:00,11:00–23:00,11:00–23:00
210,210,09:00–21:00,09:00–21:00,09:00–21:00,09:00–21:00,09:00–22:00,09:00–22:00,09:00–21:00
211,211,11:00–22:00,11:00–22:00,11:00–22:00,11:00–22:00,11:00–22:00,11:00–22:00,11:00–22:00
212,212,10:00–22:00,10:00–22:00,10:00–22:00,10:00–22:00,10:00–22:00,10:00–22:00,10:00–22:00
213,213,11:00–22:30,00:00-23:59,11:00–22:30,11:00–22:30,11:00–22:30,11:00–22:30,11:00–22:30
214,214,10:00–23:00,10:00–23:00,10:00–23:00,10:00–23:00,10:00–23:00,10:00–23:00,10:00–23:00
215,215,09:00–22:30,09:00–22:30,09:00–22:30,09:00–22:30,09:00–22:30,09:00–22:30,09:00–22:30
216,216,10:00–22:00,10:00–22:00,10:00–22:00,10:00–22:00,10:00–22:00,10:00–22:00,10:00–22:00
217,217,13:00–23:00,13:00–23:00,13:00–23:00,13:00–23:00,13:00–23:00,13:00–23:00,13:00–23:00
218,218,09:00–19:00,09:00–19:00,09:00–19:00,09:00–19:00,09:00–19:00,09:00–19:00,00:00-23:59
219,219,09:00–21:00,09:00–21:00,09:00–21:00,09:00–21:00,09:00–21:00,09:00–21:00,09:00–21:00
220,220,00:00-23:59,00:00-23:59,00:00-23:59,00:00-23:59,00:00-23:59,00:00-23:59,00:00-23:59
221,221,08:00–21:00,08:00–21:00,08:00–21:00,08:00–21:00,08:00–21:00,08:00–21:00,08:00–21:00
222,222,10:00–21:00,10:00–21:00,10:00–21:00,10:00–21:00,10:00–21:00,10:00–21:00,10:00–21:00
223,223,11:00–23:00,11:00–23:00,11:00–23:00,11:00–23:00,11:00–23:00,11:00–23:00,11:00–23:00
224,224,10:00–23:00,10:00–23:00,10:00–23:00,10:00–23:00,10:00–23:00,10:00–23:00,10:00–23:00
225,225,08:30–21:00,08:30–21:00,08:30–21:00,08:30–21:00,08:30–21:00,08:30–21:00,08:30–21:00
226,226,09:00–21:00,09:00–21:00,09:00–21:00,09:00–21:00,09:00–21:00,09:00–21:00,09:00–21:00
227,227,11:00–22:00,11:00–22:00,11:00–22:00,11:00–22:00,11:00–22:00,11:00–22:00,11:00–22:00
228,228,10:00–23:00,10:00–23:00,10:00–23:00,10:00–23:00,10:00–23:00,10:00–23:00,10:00–23:00
229,229,10:00–22:00,10:00–22:00,10:00–22:00,10:00–22:00,10:00–22:00,10:00–22:00,10:00–22:00
230,230,10:00–23:00,10:00–23:00,10:00–23:00,10:00–23:00,10:00–23:00,10:00–23:00,10:00–23:00
231,231,10:00–23:00,10:00–23:00,10:00–23:00,10:00–23:00,10:00–23:00,10:00–23:00,10:00–23:00
232,232,13:00–23:00,12:00–23:00,12:00–23:00,12:00–23:00,12:00–23:00,12:00–23:00,12:00–23:00
233,233,09:00–22:00,09:00–22:00,09:00–22:00,09:00–22:00,09:00–22:00,09:00–22:00,09:00–22:00
234,234,10:00–23:00,10:00–23:00,10:00–23:00,10:00–23:00,10:00–23:00,10:00–23:00,10:00–23:00
235,235,11:00–22:00,11:00–22:00,11:00–22:00,11:00–22:00,11:00–23:00,11:00–23:00,11:00–23:00
236,236,07:00–21:00,07:00–21:00,07:00–21:00,07:00–21:00,07:00–21:00,00:00-23:59,00:00-23:59
237,237,12:00–22:00,12:00–22:00,12:00–22:00,12:00–22:00,12:00–22:00,12:00–22:00,12:00–22:00
238,238,12:00–22:00,12:00–22:00,12:00–22:00,12:00–22:00,12:00–23:00,12:00–23:00,12:00–23:00
239,239,10:00–21:00,10:00–21:00,10:00–21:00,10:00–21:00,10:00–21:00,10:00–22:00,10:00–22:00
240,240,08:00–22:00,08:00–22:00,08:00–22:00,08:00–22:00,08:00–22:00,08:00–22:00,08:00–22:00
241,241,11:00–22:00,11:00–22:00,11:00–22:00,11:00–23:00,11:00–23:00,11:00–23:00,11:00–22:00
242,242,11:00–22:00,11:00–22:00,11:00–22:00,11:00–22:00,11:00–22:00,11:00–22:00,11:00–22:00
243,243,10:00–22:00,10:00–22:00,10:00–22:00,10:00–22:00,10:00–22:00,10:00–22:00,10:00–22:00
244,244,12:00–23:00,12:00–23:00,12:00–23:00,12:00–23:00,12:00–23:00,12:00–23:00,12:00–23:00
245,245,00:00-23:59,09:30–19:00,09:30–19:00,09:30–19:00,09:30–19:00,09:30–19:00,09:30–19:00
246,246,08:30–21:30,08:30–21:30,08:30–21:30,08:30–21:30,08:30–21:30,08:30–21:30,08:30–21:30
247,247,09:00–17:30,09:00–17:30,09:00–17:30,09:00–17:30,09:00–17:30,00:00-23:59,00:00-23:59
248,248,10:00–23:00,10:00–23:00,10:00–23:00,10:00–23:00,10:00–23:00,10:00–23:00,10:00–23:00
249,249,13:00–22:00,13:00–22:00,12:00–22:00,12:00–22:00,12:00–23:00,12:00–23:00,12:00–22:00
250,250,07:00–22:00,07:00–22:00,07:00–22:00,07:00–22:00,07:00–22:00,07:00–22:00,07:00–22:00
251,251,08:30–21:00,08:30–21:00,08:30–21:00,08:30–21:00,08:30–21:00,08:30–21:00,08:30–21:00
252,252,09:00–22:00,09:00–22:00,09:00–22:00,09:00–22:00,09:00–23:00,09:00–23:00,09:00–23:00
253,253,11:00–19:00,11:00–19:00,11:00–19:00,11:00–19:00,11:00–19:00,11:00–15:00,00:00-23:59
254,254,11:00–22:00,11:00–22:00,11:00–22:00,11:00–22:00,11:00–22:00,11:00–22:00,11:00–22:00
255,255,10:00–21:00,10:00–21:00,10:00–21:00,10:00–21:00,10:00–21:00,11:00–21:00,11:00–21:00
256,256,10:00–23:00,10:00–23:00,10:00–23:00,10:00–23:00,10:00–23:00,10:00–23:00,10:00–23:00
257,257,11:00–22:00,11:00–22:00,11:00–22:00,11:00–22:00,11:00–22:00,11:00–22:00,11:00–22:00
258,258,10:00–22:00,10:00–22:00,10:00–22:00,10:00–22:00,10:00–22:00,10:00–22:00,10:00–22:00
259,259,12:00–22:00,12:00–22:00,12:00–22:00,12:00–22:00,12:00–22:00,12:00–22:00,12:00–22:00
260,260,08:00–23:00,08:00–23:00,08:00–23:00,08:00–23:00,08:00–00:00,08:00–00:00,08:00–00:00
261,261,10:00–22:00,10:00–22:00,10:00–22:00,10:00–22:00,10:00–22:00,10:00–22:00,10:00–22:00
262,262,09:00–17:00,09:00–17:00,09:00–17:00,09:00–17:00,09:00–17:00,00:00-23:59,00:00-23:59
263,263,09:00–23:00,10:00–23:00,10:00–23:00,10:00–23:00,10:00–23:00,10:00–23:00,10:00–23:00
264,264,08:00–20:00,08:00–20:00,08:00–20:00,08:00–20:00,08:00–20:00,08:00–20:00,08:00–20:00
265,265,12:00–23:00,12:00–23:00,12:00–23:00,12:00–23:00,12:00–23:00,12:00–23:00,12:00–23:00
266,266,12:00–23:00,12:00–23:00,12:00–23:00,12:00–23:00,12:00–23:00,12:00–23:00,12:00–23:00
267,267,10:00–23:00,10:00–23:00,10:00–23:00,10:00–23:00,10:00–23:00,10:00–23:00,10:00–23:00
268,268,11:00–21:00,11:00–21:00,11:00–21:00,11:00–21:00,11:00–21:00,11:00–21:00,11:00–21:00
269,269,09:00–22:00,09:00–22:00,09:00–22:00,09:00–22:00,09:00–22:00,09:00–22:00,09:00–22:00
270,270,10:00–22:00,10:00–22:00,10:00–22:00,10:00–22:00,10:00–22:00,10:00–22:00,10:00–22:00
271,271,09:00–23:00,09:00–23:00,09:00–23:00,09:00–23:00,09:00–23:00,09:00–23:00,09:00–23:00
272,272,10:00–23:00,10:00–23:00,10:00–23:00,10:00–23:00,10:00–23:00,10:00–23:00,10:00–23:00
273,273,10:00–22:00,10:00–22:00,10:00–22:00,10:00–22:00,10:00–22:00,10:00–22:00,10:00–22:00
274,274,11:00–23:00,11:00–23:00,11:00–23:00,11:00–23:00,11:00–23:00,11:00–23:00,11:00–23:00
275,275,10:00–22:00,10:00–22:00,10:00–22:00,10:00–22:00,10:00–22:00,10:00–22:00,10:00–22:00
276,276,09:00–20:00,09:00–20:00,09:00–20:00,09:00–20:00,09:00–20:00,09:30–20:00,09:30–20:00
277,277,05:00–00:00,05:00–00:00,05:00–00:00,05:00–00:00,05:00–00:00,05:00–00:00,05:00–00:00
278,278,10:00–22:00,10:00–22:00,10:00–22:00,10:00–22:00,10:00–22:00,10:00–22:00,10:00–22:00
279,279,12:00–22:00,12:00–22:00,12:00–22:00,12:00–22:00,12:00–23:00,12:00–23:00,12:00–23:00
280,280,12:00–23:00,12:00–23:00,12:00–23:00,12:00–23:00,12:00–23:00,12:00–23:00,12:00–23:00
281,281,10:00–22:00,10:00–22:00,10:00–22:00,10:00–22:00,10:00–22:00,10:00–22:00,10:00–22:00
282,282,09:00–23:00,09:00–23:00,09:00–23:00,09:00–23:00,09:00–23:00,09:00–23:00,09:00–23:00
283,283,10:00–22:00,10:00–22:00,10:00–22:00,10:00–22:00,10:00–22:00,10:00–22:00,10:00–22:00
284,284,11:00–23:00,11:00–23:00,11:00–23:00,11:00–23:00,11:00–23:00,11:00–23:00,11:00–23:00
285,285,10:00–22:00,10:00–22:00,10:00–22:00,10:00–22:00,10:00–22:00,10:00–22:00,10:00–22:00
286,286,09:00–20:00,09:00–20:00,09:00–20:00,09:00–20:00,09:00–20:00,09:30–20:00,09:30–20:00
287,287,10:00–22:00,10:00–22:00,10:00–22:00,10:00–22:00,10:00–22:00,10:00–22:00,10:00–22:00
288,288,12:00–22:00,12:00–22:00,12:00–22:00,12:00–22:00,12:00–23:00,12:00–23:00,12:00–23:00
289,289,12:00–23:00,12:00–23:00,12:00–23:00,12:00–23:00,12:00–23:00,12:00–23:00,12:00–23:00
290,290,10:00–22:00,10:00–22:00,10:00–22:00,10:00–22:00,10:00–22:00,10:00–22:00,00:00-23:59
291,291,10:00–23:00,10:00–23:00,10:00–23:00,10:00–23:00,10:00–23:00,10:00–23:00,10:00–23:00
292,292,09:00–22:00,09:00–22:00,09:00–22:00,09:00–22:00,09:00–22:00,09:00–22:00,09:00–22:00
293,293,09:00–20:00,09:00–20:00,09:00–20:00,09:00–20:00,09:00–20:00,10:00–20:00,10:00–20:00
294,294,10:00–20:00,10:00–20:00,10:00–20:00,10:00–20:00,10:00–20:00,10:00–20:00,10:00–20:00
295,295,10:00–22:00,10:00–22:00,10:00–22:00,10:00–22:00,10:00–22:00,10:00–22:00,00:00-23:59
296,296,08:30–20:00,08:30–20:00,08:30–20:00,08:30–20:00,08:30–20:00,08:30–20:00,08:30–20:00
297,297,12:00–22:00,11:00–22:00,11:00–22:00,11:00–22:00,11:00–22:00,11:00–22:00,11:00–22:00
298,298,10:00–21:00,10:00–21:00,10:00–21:00,10:00–21:00,10:00–21:00,10:00–21:00,10:00–21:00
299,299,12:00–21:00,12:00–21:00,12:00–21:00,12:00–21:00,12:00–21:00,12:00–21:00,12:00–21:00
300,300,08:00–20:00,08:00–20:00,08:00–20:00,08:00–20:00,08:00–20:00,10:00–20:00,10:00–20:00
301,301,10:00–22:00,10:00–22:00,10:00–22:00,10:00–22:00,10:00–22:00,10:00–22:00,10:00–22:00
302,302,10:00–21:00,10:00–21:00,10:00–21:00,10:00–21:00,10:00–22:00,10:00–22:00,10:00–22:00
303,303,11:00–22:00,11:00–22:00,11:00–22:00,11:00–22:00,11:00–23:00,11:00–23:00,11:00–23:00
304,304,10:00–21:30,10:00–21:30,10:00–21:30,10:00–21:30,10:00–21:30,10:00–21:30,10:00–21:30
305,305,09:00–22:00,09:00–22:00,09:00–22:00,09:00–22:00,09:00–22:00,09:00–22:00,09:00–22:00
306,306,10:00–16:00,10:00–16:00,10:00–16:00,10:00–16:00,10:00–16:00,00:00-23:59,00:00-23:59
307,307,09:00–21:00,09:00–21:00,09:00–21:00,09:00–21:00,09:00–21:00,09:00–21:00,09:00–21:00
308,308,10:00–21:30,10:00–21:30,10:00–21:30,10:00–21:30,10:00–22:30,10:00–22:30,10:00–22:30
309,309,10:00–23:00,10:00–23:00,10:00–23:00,10:00–23:00,10:00–23:00,10:00–23:00,10:00–23:00
310,310,11:00–23:00,10:00–23:00,11:00–23:00,11:00–23:00,11:00–23:00,11:00–23:00,11:00–23:00
311,311,10:00–22:00,10:00–22:00,10:00–22:00,10:00–22:00,10:00–22:00,10:00–22:00,10:00–22:00
312,312,10:30–22:30,10:30–22:30,10:30–22:30,10:30–22:30,10:30–22:30,10:30–22:30,10:30–22:30
313,313,11:00–22:00,11:00–22:00,11:00–22:00,11:00–22:00,11:00–22:00,11:00–22:00,11:00–22:00
314,314,08:00–21:00,08:00–21:00,08:00–21:00,08:00–21:00,08:00–21:00,08:00–21:00,08:00–21:00
315,315,10:00–20:00,10:00–20:00,10:00–20:00,10:00–20:00,10:00–20:00,10:00–20:00,10:00–20:00
316,316,11:00–23:00,11:00–23:00,11:00–23:00,11:00–23:00,11:00–00:00,11:00–00:00,11:00–00:00
317,317,12:00–23:00,12:00–23:00,12:00–23:00,12:00–23:00,12:00–23:00,12:00–23:00,12:00–23:00
318,318,11:00–21:00,11:00–21:00,11:00–21:00,11:00–21:00,11:00–22:00,11:00–22:00,11:00–21:00
319,319,08:00–21:00,08:00–21:00,08:00–21:00,08:00–21:00,08:00–21:00,08:00–21:00,08:00–21:00
320,320,10:00–21:00,10:00–21:00,10:00–21:00,10:00–21:00,10:00–21:00,10:00–22:00,10:00–22:00
321,321,10:00–22:00,10:00–22:00,10:00–22:00,10:00–22:00,10:00–22:00,10:00–22:00,10:00–22:00
322,322,08:30–20:00,08:30–20:00,08:30–20:00,08:30–20:00,08:30–20:00,08:30–20:00,08:30–20:00
323,323,00:00-23:59,00:00-23:59,12:00–23:00,12:00–23:00,12:00–23:00,12:00–23:00,12:00–23:00
324,324,10:00–22:00,10:00–22:00,10:00–22:00,10:00–22:00,10:00–22:00,10:00–22:00,10:00–22:00
325,325,11:00–23:00,11:00–23:00,11:00–23:00,11:00–23:00,11:00–23:00,11:00–23:00,11:00–23:00
326,326,10:00–22:00,10:00–22:00,10:00–22:00,10:00–22:00,10:00–22:00,10:00–22:00,10:00–22:00
327,327,00:00-23:59,00:00-23:59,12:00–21:00,12:00–21:00,12:00–21:00,12:00–21:00,12:00–21:00
328,328,11:00–22:00,11:00–22:00,11:00–22:00,11:00–22:00,11:00–22:00,11:00–22:00,11:00–22:00
329,329,09:00–20:00,09:00–20:00,09:00–20:00,09:00–20:00,09:00–20:00,09:00–20:00,09:00–20:00
330,330,08:00–22:00,08:00–22:00,08:00–22:00,08:00–22:00,08:00–22:00,08:00–22:00,08:00–22:00
331,331,08:00–23:00,08:00–23:00,08:00–23:00,08:00–23:00,08:00–23:00,08:00–23:00,08:00–23:00
332,332,10:00–21:00,10:00–21:00,10:00–21:00,10:00–21:00,10:00–21:00,10:00–21:00,10:00–21:00
333,333,09:00–20:00,09:00–20:00,09:00–20:00,09:00–20:00,09:00–20:00,09:00–20:00,09:00–20:00
334,334,12:00–23:00,12:00–23:00,12:00–23:00,12:00–23:00,12:00–23:00,12:00–23:00,12:00–23:00
335,335,12:00–21:00,12:00–21:00,12:00–21:00,12:00–21:00,12:00–21:00,12:00–21:00,12:00–21:00
336,336,12:00–22:00,12:00–22:00,12:00–22:00,12:00–22:00,12:00–22:00,12:00–22:00,12:00–22:00
337,337,11:00–22:30,11:00–22:30,11:00–22:30,11:00–22:30,11:00–22:30,10:00–22:30,10:00–22:30
338,338,12:00–21:00,12:00–21:00,12:00–21:00,12:00–21:00,12:00–21:00,12:00–21:00,12:00–21:00
339,339,11:00–23:00,11:00–23:00,11:00–23:00,11:00–23:00,11:00–23:00,11:00–23:00,11:00–23:00
340,340,10:00–23:00,10:00–23:00,10:00–23:00,10:00–23:00,10:00–23:00,10:00–23:00,10:00–23:00
341,341,09:00–20:00,09:00–20:00,09:00–20:00,09:00–20:00,09:00–20:00,09:00–20:00,09:00–20:00
342,342,10:00–21:00,10:00–21:00,10:00–21:00,10:00–21:00,10:00–21:00,10:00–21:00,10:00–21:00
343,343,12:00–22:00,12:00–22:00,12:00–22:00,12:00–22:00,12:00–22:00,12:00–22:00,12:00–22:00
344,344,10:00–23:00,10:00–23:00,10:00–23:00,10:00–23:00,10:00–23:00,10:00–23:00,10:00–23:00
345,345,12:00–23:00,12:00–23:00,12:00–23:00,12:00–23:00,12:00–23:00,12:00–23:00,12:00–23:00
346,346,08:30–00:00,08:30–00:00,08:30–00:00,08:30–00:00,08:30–00:00,09:00–00:00,09:00–00:00
347,347,08:30–18:30,08:30–18:30,08:30–18:30,08:30–18:30,08:30–18:30,00:00-23:59,00:00-23:59
348,348,09:00–21:00,09:00–21:00,09:00–21:00,09:00–21:00,09:00–21:00,09:00–21:00,09:00–21:00
349,349,11:00–21:00,11:00–21:00,11:00–21:00,11:00–21:00,11:00–22:00,11:00–22:00,11:00–22:00
350,350,12:00–22:00,12:00–22:00,12:00–22:00,12:00–22:00,12:00–22:00,12:00–22:00,12:00–22:00
351,351,10:00–23:00,10:00–23:00,10:00–23:00,10:00–23:00,10:00–23:00,10:00–23:00,10:00–23:00
352,352,12:00–22:00,12:00–22:00,12:00–22:00,12:00–22:00,12:00–23:00,12:00–23:00,12:00–22:00
353,353,09:00–23:00,09:00–23:00,09:00–23:00,09:00–23:00,10:00–00:00,10:00–00:00,10:00–00:00
354,354,10:00–20:00,10:00–20:00,10:00–20:00,10:00–20:00,10:00–20:00,10:00–20:00,10:00–20:00
355,355,11:00–00:00,11:00–00:00,11:00–00:00,11:00–00:00,11:00–00:00,11:00–00:00,11:00–00:00
356,356,11:00–22:00,11:00–22:00,11:00–22:00,11:00–22:00,11:00–22:00,11:00–22:00,11:00–22:00
357,357,10:00–21:00,10:00–21:00,10:00–21:00,10:00–21:00,10:00–21:00,10:00–22:00,10:00–22:00
358,358,10:00–22:00,10:00–22:00,10:00–22:00,10:00–22:00,10:00–22:00,10:00–22:00,10:00–22:00
359,359,09:00–21:00,09:00–21:00,09:00–21:00,09:00–21:00,09:00–21:00,09:00–21:00,09:00–21:00
360,360,09:00–21:00,09:00–21:00,09:00–21:00,09:00–21:00,09:00–21:00,09:00–21:00,09:00–21:00
361,361,11:00–21:00,11:00–21:00,11:00–21:00,11:00–21:00,11:00–21:00,11:00–21:00,11:00–21:00
362,362,10:00–22:00,10:00–22:00,10:00–22:00,10:00–22:00,10:00–22:00,10:00–22:00,10:00–22:00
363,363,10:00–23:00,10:00–23:00,10:00–23:00,10:00–23:00,10:00–23:00,10:00–23:00,10:00–23:00
364,364,10:30–22:30,10:30–22:30,10:30–22:30,10:30–22:30,10:30–22:30,10:30–22:30,10:30–22:30
365,365,12:00–22:00,12:00–22:00,12:00–22:00,12:00–23:00,12:00–23:00,12:00–23:00,12:00–22:00
366,366,11:00–23:00,11:00–23:00,11:00–23:00,11:00–23:00,11:00–23:00,11:00–23:00,11:00–23:00
367,367,14:00–23:30,14:00–23:30,14:00–23:30,14:00–23:30,14:00–23:30,14:00–23:30,14:00–23:30
368,368,11:00–21:00,11:00–21:00,11:00–21:00,11:00–21:00,11:00–21:00,11:00–21:00,11:00–21:00
369,369,10:00–23:00,10:00–23:00,10:00–23:00,10:00–23:00,10:00–23:00,10:00–23:00,10:00–23:00
370,370,09:00–00:00,09:00–00:00,09:00–00:00,09:00–00:00,09:00–00:00,09:00–00:00,09:00–00:00
371,371,12:00–23:00,12:00–23:00,12:00–23:00,12:00–23:00,12:00–23:00,12:00–23:00,12:00–23:00
372,372,07:00–17:00,07:00–17:00,07:00–17:00,07:00–17:00,07:00–17:00,07:00–17:00,07:00–17:00
373,373,08:00–21:00,08:00–21:00,08:00–21:00,08:00–21:00,08:00–21:00,08:00–21:00,08:00–21:00
374,374,09:00–21:00,09:00–21:00,09:00–21:00,09:00–21:00,09:00–21:00,09:00–21:00,10:00–21:00
375,375,17:00–23:45,17:00–23:45,17:00–23:45,17:00–23:45,12:00–23:45,12:00–23:45,12:00–23:45
376,376,08:00–22:30,08:00–22:30,08:00–22:30,08:00–22:30,08:00–22:30,08:00–22:30,08:00–22:30
377,377,12:00–21:00,12:00–21:00,12:00–21:00,12:00–21:00,12:00–21:00,12:00–21:00,12:00–21:00
378,378,10:00–22:00,10:00–22:00,10:00–22:00,10:00–22:00,10:00–22:00,10:00–22:00,10:00–22:00
379,379,11:00–23:00,11:00–23:00,11:00–23:00,11:00–23:00,11:00–23:00,11:00–23:00,11:00–23:00
380,380,10:00–23:00,10:00–23:00,10:00–23:00,10:00–23:00,10:00–23:00,10:00–23:00,10:00–23:00
381,381,00:00-23:59,00:00-23:59,00:00-23:59,00:00-23:59,00:00-23:59,00:00–23:59,00:00-23:59
382,382,08:30–18:30,08:30–18:30,08:30–18:30,08:30–18:30,08:30–18:30,00:00-23:59,00:00-23:59
383,383,10:00–23:00,10:00–23:00,10:00–23:00,10:00–23:00,10:00–23:00,10:00–23:00,10:00–23:00
384,384,12:00–23:00,12:00–23:00,12:00–23:00,12:00–23:00,12:00–23:00,12:00–23:00,12:00–23:00
385,385,10:00–22:00,10:00–22:00,10:00–22:00,10:00–22:00,10:00–22:00,10:00–22:00,10:00–22:00
386,386,10:00–22:00,10:00–22:00,10:00–22:00,10:00–22:00,10:00–22:00,10:00–22:00,10:00–22:00
387,387,10:00–23:00,10:00–23:00,10:00–23:00,10:00–23:00,10:00–23:00,10:00–23:00,10:00–23:00
388,388,09:00–20:00,09:00–20:00,09:00–20:00,09:00–20:00,09:00–20:00,09:00–20:00,00:00-23:59
389,389,10:00–22:00,10:00–22:00,10:00–22:00,10:00–22:00,10:00–23:00,10:00–23:00,10:00–23:00
390,390,10:00–23:00,10:00–23:00,10:00–23:00,10:00–23:00,10:00–23:00,10:00–23:00,10:00–23:00
391,391,00:00-23:59,12:00–21:00,12:00–21:00,12:00–22:00,12:00–22:00,12:00–21:00,12:00–21:00
392,392,10:00–21:00,10:00–21:00,10:00–21:00,10:00–21:00,10:00–21:00,10:00–21:00,10:00–21:00
393,393,12:00–21:00,12:00–21:00,12:00–21:00,12:00–21:00,12:00–21:00,12:00–21:00,12:00–21:00
394,394,09:00–20:00,09:00–20:00,09:00–20:00,09:00–20:00,09:00–20:00,00:00-23:59,00:00-23:59
395,395,09:00–01:00,09:00–01:00,09:00–01:00,09:00–01:00,09:00–01:00,09:00–01:00,09:00–01:00
396,396,10:00–23:00,10:00–23:00,10:00–23:00,10:00–23:00,10:00–23:00,10:00–23:00,10:00–23:00
397,397,00:00-23:59,00:00-23:59,17:00–23:00,17:00–23:00,17:00–23:00,17:00–23:00,17:00–23:00
398,398,08:30–20:00,08:30–20:00,08:30–20:00,08:30–20:00,08:30–20:00,08:30–20:00,08:30–20:00
399,399,17:00–20:30,17:00–20:30,17:00–20:30,17:00–20:30,17:00–20:30,00:00-23:59,00:00-23:59
400,400,11:00–20:00,11:00–20:00,11:00–20:00,11:00–20:00,11:00–20:00,11:00–20:00,11:00–20:00
401,401,11:00–23:00,11:00–23:00,11:00–23:00,11:00–23:00,11:00–23:00,11:00–23:00,11:00–23:00
402,402,12:00–22:00,12:00–22:00,12:00–22:00,12:00–22:00,12:00–22:00,12:00–22:00,12:00–22:00
403,403,12:00–22:00,12:00–22:00,12:00–22:00,12:00–22:00,12:00–22:00,12:00–22:00,12:00–22:00
404,404,09:00–20:30,09:00–20:30,09:00–20:30,09:00–20:30,09:00–20:30,09:00–20:30,09:00–20:30
405,405,11:00–23:00,11:00–23:00,11:00–23:00,11:00–23:00,11:00–23:00,11:00–23:00,11:00–23:00
406,406,12:00–21:00,10:00–21:00,10:00–21:00,10:00–21:00,10:00–21:00,10:00–21:00,10:00–21:00
407,407,17:00–23:45,17:00–23:45,17:00–23:45,17:00–23:45,12:00–23:45,12:00–23:45,12:00–23:45
408,408,10:00–23:00,10:00–23:00,10:00–23:00,10:00–23:00,10:00–23:00,10:00–23:00,10:00–23:00
409,409,10:00–22:00,10:00–22:00,10:00–22:00,10:00–22:00,10:00–22:00,10:00–22:00,10:00–22:00
410,410,10:00–23:00,10:00–23:00,10:00–23:00,10:00–23:00,10:00–23:00,10:00–23:00,10:00–23:00
411,411,10:00–23:00,10:00–23:00,10:00–23:00,10:00–23:00,10:00–23:00,10:00–23:00,10:00–23:00
412,412,10:00–23:00,10:00–23:00,10:00–23:00,10:00–23:00,10:00–23:00,10:00–23:00,10:00–23:00
413,413,09:00–17:00,09:00–17:00,09:00–17:00,09:00–17:00,09:00–17:00,00:00-23:59,00:00-23:59
414,414,09:00–20:00,09:00–20:00,09:00–20:00,09:00–20:00,09:00–20:00,09:00–20:00,09:00–20:00
415,415,10:00–19:00,10:00–19:00,10:00–19:00,10:00–19:00,10:00–19:00,11:00–19:00,00:00-23:59
416,416,10:00–23:00,10:00–23:00,10:00–23:00,10:00–23:00,10:00–23:00,10:00–23:00,10:00–23:00
417,417,12:00–23:00,12:00–23:00,12:00–23:00,12:00–23:00,12:00–23:00,12:00–23:00,12:00–23:00
418,418,10:00–23:00,10:00–23:00,10:00–23:00,10:00–23:00,10:00–23:00,10:00–23:00,10:00–23:00
419,419,11:00–23:00,11:00–23:00,11:00–23:00,11:00–23:00,11:00–23:00,11:00–23:00,11:00–23:00
420,420,10:00–20:30,10:00–20:30,10:00–20:30,10:00–20:30,10:00–20:30,10:00–20:30,10:00–20:30
421,421,11:00–23:00,11:00–23:00,11:00–23:00,11:00–23:00,11:00–23:00,11:00–23:00,11:00–23:00
422,422,08:30–18:30,08:30–18:30,08:30–18:30,08:30–18:30,08:30–18:30,00:00-23:59,00:00-23:59
423,423,15:00–23:00,15:00–23:00,15:00–23:00,15:00–23:00,15:00–23:00,15:00–23:00,15:00–23:00
424,424,10:00–22:00,10:00–22:00,10:00–22:00,10:00–22:00,10:00–22:00,10:00–22:00,10:00–22:00
425,425,00:00-23:59,10:00–19:00,10:00–19:00,10:00–19:00,10:00–19:00,10:00–20:00,10:00–20:00
426,426,10:00–22:00,10:00–22:00,10:00–22:00,10:00–22:00,10:00–22:00,10:00–22:00,10:00–22:00
427,427,10:00–20:00,10:00–20:00,10:00–20:00,10:00–20:00,10:00–21:00,10:00–21:00,10:00–21:00
428,428,13:00–23:00,13:00–23:00,13:00–23:00,13:00–23:00,13:00–23:00,13:00–23:00,13:00–23:00
429,429,00:00-23:59,00:00-23:59,00:00-23:59,00:00-23:59,00:00-23:59,00:00-23:59,00:00-23:59
430,430,08:00–22:00,08:00–22:00,08:00–22:00,08:00–22:00,08:00–22:00,10:00–18:00,10:00–15:00
431,431,09:00–20:00,09:00–20:00,09:00–20:00,09:00–20:00,09:00–20:00,10:00–19:00,10:00–19:00
432,432,08:00–20:00,08:00–20:00,08:00–20:00,08:00–20:00,08:00–20:00,08:00–20:00,09:00–20:00
433,433,10:00–21:00,10:00–21:00,10:00–21:00,10:00–21:00,10:00–21:00,10:00–21:00,10:00–21:00
434,434,10:00–23:00,10:00–23:00,10:00–23:00,10:00–23:00,10:00–23:00,10:00–23:00,10:00–23:00
435,435,10:00–23:00,10:00–23:00,10:00–23:00,10:00–23:00,10:00–23:00,10:00–23:00,10:00–23:00
436,436,10:00–23:00,10:00–23:00,10:00–23:00,10:00–23:00,10:00–23:00,10:00–23:00,10:00–23:00
437,437,12:00–23:00,12:00–23:00,12:00–23:00,12:00–23:00,12:00–23:00,12:00–23:00,12:00–23:00
438,438,11:00–21:00,11:00–21:00,11:00–21:00,11:00–21:00,11:00–21:00,11:00–21:00,11:00–21:00
439,439,10:00–23:00,10:00–23:00,10:00–23:00,10:00–23:00,10:00–23:00,10:00–23:00,10:00–23:00
440,440,10:00–18:00,10:00–18:00,10:00–18:00,10:00–18:00,10:00–18:00,00:00-23:59,00:00-23:59
441,441,10:00–23:00,10:00–23:00,10:00–23:00,10:00–23:00,10:00–23:00,10:00–23:00,10:00–23:00
442,442,10:00–23:00,10:00–23:00,10:00–23:00,10:00–23:00,10:00–23:00,10:00–23:00,10:00–23:00
443,443,09:00–19:00,09:00–19:00,09:00–19:00,09:00–19:00,09:00–19:00,09:00–19:00,10:00–17:00
444,444,10:00–23:00,10:00–23:00,10:00–23:00,10:00–23:00,10:00–23:00,10:00–23:00,10:00–23:00
445,445,12:00–22:00,12:00–22:00,12:00–22:00,12:00–22:00,12:00–22:00,12:00–22:00,12:00–22:00
446,446,09:30–22:00,09:30–22:00,09:30–22:00,09:30–22:00,09:30–22:00,09:30–22:00,09:30–22:00
447,447,10:00–23:00,10:00–23:00,10:00–23:00,10:00–23:00,10:00–23:00,10:00–23:00,10:00–23:00
448,448,10:00–23:00,10:00–23:00,10:00–23:00,10:00–23:00,10:00–23:00,10:00–23:00,10:00–23:00
449,449,13:00–23:00,13:00–23:00,13:00–23:00,13:00–23:00,13:00–23:00,13:00–23:00,13:00–23:00
450,450,10:00–21:00,10:00–21:00,10:00–21:00,10:00–21:00,10:00–21:00,10:00–21:00,10:00–21:00
451,451,11:00–21:00,11:00–21:00,11:00–21:00,11:00–21:00,11:00–21:00,11:00–21:00,11:00–21:00
452,452,10:00–22:00,10:00–22:00,10:00–22:00,10:00–22:00,10:00–22:00,10:00–22:00,10:00–22:00
453,453,09:00–20:00,09:00–20:00,09:00–20:00,09:00–20:00,09:00–20:00,09:00–20:00,10:00–20:00
454,454,12:00–22:00,12:00–22:00,12:00–22:00,12:00–22:00,12:00–23:00,12:00–23:00,12:00–23:00
455,455,10:00–20:00,10:00–20:00,10:00–20:00,10:00–20:00,10:00–20:00,10:00–20:00,00:00-23:59
456,456,10:00–23:00,10:00–23:00,10:00–23:00,10:00–23:00,10:00–23:00,10:00–23:00,10:00–23:00
457,457,10:00–23:00,10:00–23:00,10:00–23:00,10:00–23:00,10:00–23:00,10:00–23:00,10:00–23:00
458,458,10:00–21:00,10:00–21:00,10:00–21:00,10:00–21:00,10:00–21:00,10:00–21:00,10:00–21:00
459,459,12:00–22:00,12:00–22:00,12:00–22:00,12:00–22:00,12:00–22:00,12:00–22:00,12:00–22:00
460,460,00:00-23:59,00:00-23:59,00:00-23:59,00:00-23:59,00:00-23:59,00:00-23:59,00:00-23:59
461,461,10:00–21:00,10:00–21:00,10:00–21:00,10:00–21:00,10:00–21:00,10:00–21:00,10:00–21:00
462,462,08:30–21:00,08:30–21:00,08:30–21:00,08:30–21:00,08:30–21:00,08:30–21:00,08:30–21:00
463,463,08:00–21:00,08:00–21:00,08:00–21:00,08:00–21:00,08:00–21:00,08:00–21:00,08:00–21:00
464,464,10:00–21:00,10:00–21:00,10:00–21:00,10:00–21:00,10:00–22:30,10:00–22:30,10:00–22:30
465,465,00:00-23:59,00:00-23:59,00:00-23:59,00:00-23:59,00:00-23:59,00:00-23:59,00:00-23:59
466,466,08:00–21:00,08:00–21:00,08:00–21:00,08:00–21:00,08:00–21:00,08:00–21:00,08:00–21:00
467,467,11:00–23:00,11:00–23:00,11:00–23:00,11:00–23:00,11:00–23:00,11:00–23:00,11:00–23:00
468,468,10:00–20:00,10:00–20:00,10:00–20:00,10:00–20:00,10:00–20:00,10:00–20:00,11:00–17:00
469,469,09:00–21:00,09:00–21:00,09:00–21:00,09:00–21:00,09:00–21:00,10:00–21:00,10:00–21:00
470,470,10:00–23:00,10:00–23:00,10:00–23:00,10:00–23:00,10:00–23:00,10:00–23:00,10:00–23:00
471,471,12:00–23:00,12:00–23:00,12:00–23:00,12:00–23:00,12:00–23:00,12:00–23:00,12:00–23:00
472,472,10:00–20:00,10:00–20:00,10:00–20:00,10:00–20:00,10:00–20:00,10:00–20:00,10:00–20:00
473,473,11:00–23:00,11:00–23:00,11:00–23:00,11:00–23:00,11:00–23:00,11:00–23:00,11:00–23:00
474,474,12:00–23:00,12:00–23:00,12:00–23:00,12:00–23:00,12:00–22:00,12:00–22:00,12:00–23:00
475,475,12:00–21:00,12:00–21:00,12:00–21:00,12:00–21:00,12:00–21:00,12:00–21:00,00:00-23:59
476,476,12:00–22:00,12:00–00:30,12:00–22:00,12:00–22:00,12:00–23:00,12:00–23:00,12:00–22:00
477,477,12:00–21:00,12:00–21:00,12:00–21:00,12:00–21:00,12:00–21:00,12:00–21:00,00:00-23:59
478,478,12:00–00:00,12:00–00:00,12:00–00:00,12:00–00:00,12:00–00:00,12:00–00:00,12:00–00:00
479,479,08:00–23:00,08:00–23:00,08:00–23:00,08:00–23:00,08:00–23:00,08:00–23:00,08:00–23:00
480,480,10:00–23:00,10:00–23:00,10:00–23:00,10:00–23:00,10:00–23:00,10:00–23:00,10:00–23:00
481,481,10:00–23:00,10:00–23:00,10:00–23:00,10:00–23:00,10:00–23:00,10:00–23:00,10:00–23:00
482,482,10:00–21:00,10:00–21:00,10:00–21:00,10:00–21:00,10:00–21:00,10:00–21:00,10:00–21:00
483,483,12:00–23:00,12:00–23:00,12:00–23:00,12:00–23:00,12:00–23:00,12:00–23:00,12:00–23:00
484,484,10:00–23:00,10:00–23:00,10:00–23:00,10:00–23:00,10:00–23:00,10:00–23:00,10:00–23:00
485,485,10:00–23:00,10:00–23:00,10:00–23:00,10:00–23:00,10:00–23:00,10:00–23:00,10:00–23:00
486,486,08:00–20:00,08:00–20:00,08:00–20:00,08:00–20:00,08:00–20:00,08:00–20:00,08:00–20:00
487,487,11:00–22:00,11:00–22:00,11:00–22:00,11:00–22:00,11:00–22:30,11:00–22:30,11:00–22:30
488,488,09:00–19:00,09:00–19:00,09:00–19:00,09:00–19:00,09:00–19:00,09:00–19:00,09:00–19:00
489,489,00:00-23:59,00:00-23:59,00:00-23:59,00:00-23:59,00:00-23:59,00:00-23:59,00:00-23:59
490,490,10:00–23:00,10:00–23:00,10:00–23:00,10:00–23:00,10:00–23:00,10:00–23:00,10:00–23:00
491,491,10:00–23:00,10:00–23:00,10:00–23:00,10:00–23:00,10:00–23:00,10:00–23:00,10:00–23:00
492,492,09:00–21:00,09:00–21:00,09:00–21:00,09:00–21:00,09:00–21:00,09:00–21:00,09:00–21:00
493,493,11:00–22:00,11:00–22:00,11:00–22:00,11:00–22:00,11:00–22:00,11:00–22:00,11:00–22:00
494,494,12:00–22:00,12:00–22:00,12:00–22:00,12:00–22:00,12:00–22:00,12:00–22:00,12:00–22:00
495,495,09:00–19:00,09:00–19:00,09:00–19:00,09:00–19:00,09:00–19:00,09:00–19:00,00:00-23:59
496,496,08:00–20:00,08:00–20:00,08:00–20:00,08:00–20:00,08:00–20:00,08:00–20:00,08:00–20:00
497,497,09:00–21:00,09:00–21:00,09:00–21:00,09:00–21:00,09:00–21:00,09:00–21:00,09:00–21:00
498,498,10:00–23:00,10:00–23:00,10:00–23:00,10:00–23:00,10:00–23:00,10:00–23:00,10:00–23:00
499,499,10:00–22:00,10:00–22:00,10:00–22:00,10:00–22:00,10:00–22:00,10:00–22:00,10:00–22:00
500,500,11:00–22:00,11:00–22:00,11:00–22:00,11:00–22:00,11:00–22:00,11:00–22:00,11:00–22:00
501,501,10:00–22:00,10:00–22:00,10:00–22:00,10:00–22:00,10:00–22:00,10:00–22:00,10:00–22:00
502,502,09:30–22:30,09:30–22:30,09:30–22:30,09:30–22:30,09:30–22:30,09:30–22:30,09:30–22:30
503,503,10:00–20:30,10:00–20:30,10:00–20:30,10:00–20:30,10:00–20:30,10:00–20:30,10:00–20:30
504,504,00:00-23:59,16:00–23:00,16:00–23:00,16:00–23:00,16:00–23:00,16:00–23:00,16:00–23:00
505,505,09:30–22:00,09:30–22:00,09:30–22:00,09:30–22:00,09:30–22:00,09:30–22:00,09:30–22:00
506,506,10:00–21:45,10:00–21:45,10:00–21:45,10:00–21:45,10:00–21:45,10:00–21:45,10:00–21:45
507,507,10:00–22:00,10:00–22:00,10:00–22:00,10:00–22:00,10:00–22:00,10:00–22:00,10:00–22:00
508,508,12:00–00:00,12:00–00:00,12:00–00:00,12:00–00:00,12:00–00:00,12:00–00:00,12:00–00:00
509,509,10:00–22:00,10:00–22:00,10:00–22:00,10:00–22:00,10:00–22:00,10:00–22:00,10:00–22:00
510,510,11:00–21:00,11:00–21:00,11:00–21:00,11:00–21:00,11:00–21:00,11:00–21:00,11:00–21:00
511,511,10:00–23:00,10:00–23:00,10:00–23:00,10:00–23:00,10:00–23:00,10:00–23:00,10:00–23:00
512,512,12:00–23:00,12:00–23:00,12:00–23:00,12:00–23:00,12:00–23:00,12:00–23:00,12:00–23:00
513,513,10:00–21:00,10:00–21:00,10:00–21:00,10:00–21:00,10:00–21:00,10:00–22:00,10:00–22:00
514,514,08:00–22:00,08:00–22:00,08:00–22:00,08:00–22:00,08:00–22:00,08:00–22:00,08:00–22:00
515,515,10:00–23:00,10:00–23:00,10:00–23:00,10:00–23:00,10:00–23:00,10:00–23:00,10:00–23:00
516,516,10:00–23:00,10:00–23:00,10:00–23:00,10:00–23:00,10:00–23:00,10:00–23:00,10:00–23:00
517,517,09:00–21:00,09:00–21:00,09:00–21:00,09:00–21:00,09:00–21:00,10:00–21:00,10:00–21:00
